{
  "forward_barrier": 1.3276824951171875,
  "reverse_barrier": 1.06134033203125,
  "reaction_energy": 0.2663421630859375,
  "activation_energy": 1.3276824951171875
}